address_id,full_address,house_number,street,ward,district,city,latitude,longitude,aliases,notes
ADDR001,"283 Nguyễn Huệ, Quận 7, TP Hồ Chí Minh",283,Nguyễn Huệ,,Quận 7,TP Hồ Chí Minh,10.728139,106.731242,"283 nguyễn huệ, q 7, tp hồ chí minh | 283 nguyễn huệ q 7 tp hồ chí minh | nguyễn huệ quận 7","Tên hành chính hiện tại; có thể nhập TP HCM, HCM, Sài Gòn"
ADDR002,"225 Trần Hưng Đạo, Tân Bình, TP Hồ Chí Minh",225,Trần Hưng Đạo,,Tân Bình,TP Hồ Chí Minh,10.791021,106.657727,"225 trần hưng đạo, tân bình, tp hồ chí minh | 225 trần hưng đạo tân bình tp hồ chí minh | trần hưng đạo tân bình","Tên hành chính hiện tại; có thể nhập TP HCM, HCM, Sài Gòn"
ADDR003,"226 Bạch Đằng, Hải Châu, Đà Nẵng",226,Bạch Đằng,,Hải Châu,Đà Nẵng,16.050939,108.240692,"226 bạch đằng, hải châu, đà nẵng | 226 bạch đằng hải châu đà nẵng | bạch đằng hải châu","Có thể nhập ĐN, Da Nang"
ADDR004,"268 Hai Bà Trưng, Ba Đình, Hà Nội",268,Hai Bà Trưng,,Ba Đình,Hà Nội,21.028214,105.828521,"268 hai bà trưng, ba đình, hà nội | 268 hai bà trưng ba đình hà nội | hai bà trưng ba đình","Có thể nhập HN, Ha Noi"
ADDR005,"195 Hai Bà Trưng, Quận 3, TP Hồ Chí Minh",195,Hai Bà Trưng,,Quận 3,TP Hồ Chí Minh,10.796862,106.686273,"195 hai bà trưng, q 3, tp hồ chí minh | 195 hai bà trưng q 3 tp hồ chí minh | hai bà trưng quận 3","Tên hành chính hiện tại; có thể nhập TP HCM, HCM, Sài Gòn"
ADDR006,"210 Nguyễn Huệ, Bình Thạnh, TP Hồ Chí Minh",210,Nguyễn Huệ,,Bình Thạnh,TP Hồ Chí Minh,10.801443,106.6895,"210 nguyễn huệ, bình thạnh, tp hồ chí minh | 210 nguyễn huệ bình thạnh tp hồ chí minh | nguyễn huệ bình thạnh","Tên hành chính hiện tại; có thể nhập TP HCM, HCM, Sài Gòn"
ADDR007,"286 Hùng Vương, Quận 7, TP Hồ Chí Minh",286,Hùng Vương,,Quận 7,TP Hồ Chí Minh,10.741675,106.702642,"286 hùng vương, q 7, tp hồ chí minh | 286 hùng vương q 7 tp hồ chí minh | hùng vương quận 7","Tên hành chính hiện tại; có thể nhập TP HCM, HCM, Sài Gòn"
ADDR008,"228 Xuân Thủy, Hoàn Kiếm, Hà Nội",228,Xuân Thủy,,Hoàn Kiếm,Hà Nội,21.024513,105.847787,"228 xuân thủy, hoàn kiếm, hà nội | 228 xuân thủy hoàn kiếm hà nội | xuân thủy hoàn kiếm","Có thể nhập HN, Ha Noi"
ADDR009,"257 Võ Nguyên Giáp, Ba Đình, Hà Nội",257,Võ Nguyên Giáp,,Ba Đình,Hà Nội,21.02667,105.817734,"257 võ nguyên giáp, ba đình, hà nội | 257 võ nguyên giáp ba đình hà nội | võ nguyên giáp ba đình","Có thể nhập HN, Ha Noi"
ADDR010,"55 Láng Hạ, Tân Bình, TP Hồ Chí Minh",55,Láng Hạ,,Tân Bình,TP Hồ Chí Minh,10.8003,106.659555,"55 láng hạ, tân bình, tp hồ chí minh | 55 láng hạ tân bình tp hồ chí minh | láng hạ tân bình","Tên hành chính hiện tại; có thể nhập TP HCM, HCM, Sài Gòn"
ADDR011,"123 Pasteur, Hải Châu, Đà Nẵng",123,Pasteur,,Hải Châu,Đà Nẵng,16.066373,108.207176,"123 pasteur, hải châu, đà nẵng | 123 pasteur hải châu đà nẵng | pasteur hải châu","Có thể nhập ĐN, Da Nang"
ADDR012,"37 Nguyễn Huệ, Quận 7, TP Hồ Chí Minh",37,Nguyễn Huệ,,Quận 7,TP Hồ Chí Minh,10.715603,106.738358,"37 nguyễn huệ, q 7, tp hồ chí minh | 37 nguyễn huệ q 7 tp hồ chí minh | nguyễn huệ quận 7","Tên hành chính hiện tại; có thể nhập TP HCM, HCM, Sài Gòn"
ADDR013,"199 Điện Biên Phủ, Cầu Giấy, Hà Nội",199,Điện Biên Phủ,,Cầu Giấy,Hà Nội,21.051147,105.794568,"199 điện biên phủ, cầu giấy, hà nội | 199 điện biên phủ cầu giấy hà nội | điện biên phủ cầu giấy","Có thể nhập HN, Ha Noi"
ADDR014,"53 Trần Hưng Đạo, Tân Bình, TP Hồ Chí Minh",53,Trần Hưng Đạo,,Tân Bình,TP Hồ Chí Minh,10.79813,106.633841,"53 trần hưng đạo, tân bình, tp hồ chí minh | 53 trần hưng đạo tân bình tp hồ chí minh | trần hưng đạo tân bình","Tên hành chính hiện tại; có thể nhập TP HCM, HCM, Sài Gòn"
ADDR015,"161 Phạm Văn Đồng, Bình Thạnh, TP Hồ Chí Minh",161,Phạm Văn Đồng,,Bình Thạnh,TP Hồ Chí Minh,10.804254,106.712975,"161 phạm văn đồng, bình thạnh, tp hồ chí minh | 161 phạm văn đồng bình thạnh tp hồ chí minh | phạm văn đồng bình thạnh","Tên hành chính hiện tại; có thể nhập TP HCM, HCM, Sài Gòn"
ADDR016,"239 Hùng Vương, Hải Châu, Đà Nẵng",239,Hùng Vương,,Hải Châu,Đà Nẵng,16.08646,108.214033,"239 hùng vương, hải châu, đà nẵng | 239 hùng vương hải châu đà nẵng | hùng vương hải châu","Có thể nhập ĐN, Da Nang"
ADDR017,"232 Trần Hưng Đạo, Ngũ Hành Sơn, Đà Nẵng",232,Trần Hưng Đạo,,Ngũ Hành Sơn,Đà Nẵng,15.999404,108.25054,"232 trần hưng đạo, ngũ hành sơn, đà nẵng | 232 trần hưng đạo ngũ hành sơn đà nẵng | trần hưng đạo ngũ hành sơn","Có thể nhập ĐN, Da Nang"
ADDR018,"187 Phạm Văn Đồng, Đống Đa, Hà Nội",187,Phạm Văn Đồng,,Đống Đa,Hà Nội,21.004208,105.809977,"187 phạm văn đồng, đống đa, hà nội | 187 phạm văn đồng đống đa hà nội | phạm văn đồng đống đa","Có thể nhập HN, Ha Noi"
ADDR019,"114 Nguyễn Chí Thanh, Cầu Giấy, Hà Nội",114,Nguyễn Chí Thanh,,Cầu Giấy,Hà Nội,21.03208,105.774095,"114 nguyễn chí thanh, cầu giấy, hà nội | 114 nguyễn chí thanh cầu giấy hà nội | nguyễn chí thanh cầu giấy","Có thể nhập HN, Ha Noi"
ADDR020,"284 Trần Hưng Đạo, Quận 3, TP Hồ Chí Minh",284,Trần Hưng Đạo,,Quận 3,TP Hồ Chí Minh,10.784078,106.683055,"284 trần hưng đạo, q 3, tp hồ chí minh | 284 trần hưng đạo q 3 tp hồ chí minh | trần hưng đạo quận 3","Tên hành chính hiện tại; có thể nhập TP HCM, HCM, Sài Gòn"
ADDR021,"237 Hùng Vương, Sơn Trà, Đà Nẵng",237,Hùng Vương,,Sơn Trà,Đà Nẵng,16.122941,108.267087,"237 hùng vương, sơn trà, đà nẵng | 237 hùng vương sơn trà đà nẵng | hùng vương sơn trà","Có thể nhập ĐN, Da Nang"
ADDR022,"294 Kim Mã, Sơn Trà, Đà Nẵng",294,Kim Mã,,Sơn Trà,Đà Nẵng,16.090745,108.234665,"294 kim mã, sơn trà, đà nẵng | 294 kim mã sơn trà đà nẵng | kim mã sơn trà","Có thể nhập ĐN, Da Nang"
ADDR023,"270 Trường Sơn, Ba Đình, Hà Nội",270,Trường Sơn,,Ba Đình,Hà Nội,21.030668,105.850593,"270 trường sơn, ba đình, hà nội | 270 trường sơn ba đình hà nội | trường sơn ba đình","Có thể nhập HN, Ha Noi"
ADDR024,"160 Võ Nguyên Giáp, Quận 3, TP Hồ Chí Minh",160,Võ Nguyên Giáp,,Quận 3,TP Hồ Chí Minh,10.793319,106.665066,"160 võ nguyên giáp, q 3, tp hồ chí minh | 160 võ nguyên giáp q 3 tp hồ chí minh | võ nguyên giáp quận 3","Tên hành chính hiện tại; có thể nhập TP HCM, HCM, Sài Gòn"
ADDR025,"25 Kim Mã, Sơn Trà, Đà Nẵng",25,Kim Mã,,Sơn Trà,Đà Nẵng,16.122149,108.257743,"25 kim mã, sơn trà, đà nẵng | 25 kim mã sơn trà đà nẵng | kim mã sơn trà","Có thể nhập ĐN, Da Nang"
ADDR026,"267 Cách Mạng Tháng Tám, Quận 3, TP Hồ Chí Minh",267,Cách Mạng Tháng Tám,,Quận 3,TP Hồ Chí Minh,10.796629,106.692403,"267 cách mạng tháng tám, q 3, tp hồ chí minh | 267 cách mạng tháng tám q 3 tp hồ chí minh | cách mạng tháng tám quận 3","Tên hành chính hiện tại; có thể nhập TP HCM, HCM, Sài Gòn"
ADDR027,"56 Nguyễn Chí Thanh, Sơn Trà, Đà Nẵng",56,Nguyễn Chí Thanh,,Sơn Trà,Đà Nẵng,16.12561,108.235103,"56 nguyễn chí thanh, sơn trà, đà nẵng | 56 nguyễn chí thanh sơn trà đà nẵng | nguyễn chí thanh sơn trà","Có thể nhập ĐN, Da Nang"
ADDR028,"93 Hai Bà Trưng, Hải Châu, Đà Nẵng",93,Hai Bà Trưng,,Hải Châu,Đà Nẵng,16.075282,108.225455,"93 hai bà trưng, hải châu, đà nẵng | 93 hai bà trưng hải châu đà nẵng | hai bà trưng hải châu","Có thể nhập ĐN, Da Nang"
ADDR029,"233 Nguyễn Huệ, Tân Bình, TP Hồ Chí Minh",233,Nguyễn Huệ,,Tân Bình,TP Hồ Chí Minh,10.807782,106.655241,"233 nguyễn huệ, tân bình, tp hồ chí minh | 233 nguyễn huệ tân bình tp hồ chí minh | nguyễn huệ tân bình","Tên hành chính hiện tại; có thể nhập TP HCM, HCM, Sài Gòn"
ADDR030,"216 Lê Duẩn, Đống Đa, Hà Nội",216,Lê Duẩn,,Đống Đa,Hà Nội,21.03319,105.813187,"216 lê duẩn, đống đa, hà nội | 216 lê duẩn đống đa hà nội | lê duẩn đống đa","Có thể nhập HN, Ha Noi"
ADDR031,"129 Trần Hưng Đạo, Bình Thạnh, TP Hồ Chí Minh",129,Trần Hưng Đạo,,Bình Thạnh,TP Hồ Chí Minh,10.793995,106.71529,"129 trần hưng đạo, bình thạnh, tp hồ chí minh | 129 trần hưng đạo bình thạnh tp hồ chí minh | trần hưng đạo bình thạnh","Tên hành chính hiện tại; có thể nhập TP HCM, HCM, Sài Gòn"
ADDR032,"47 Phạm Văn Đồng, Quận 3, TP Hồ Chí Minh",47,Phạm Văn Đồng,,Quận 3,TP Hồ Chí Minh,10.790218,106.6944,"47 phạm văn đồng, q 3, tp hồ chí minh | 47 phạm văn đồng q 3 tp hồ chí minh | phạm văn đồng quận 3","Tên hành chính hiện tại; có thể nhập TP HCM, HCM, Sài Gòn"
ADDR033,"140 Pasteur, Tân Bình, TP Hồ Chí Minh",140,Pasteur,,Tân Bình,TP Hồ Chí Minh,10.802465,106.643414,"140 pasteur, tân bình, tp hồ chí minh | 140 pasteur tân bình tp hồ chí minh | pasteur tân bình","Tên hành chính hiện tại; có thể nhập TP HCM, HCM, Sài Gòn"
ADDR034,"259 Hùng Vương, Quận 7, TP Hồ Chí Minh",259,Hùng Vương,,Quận 7,TP Hồ Chí Minh,10.729804,106.734882,"259 hùng vương, q 7, tp hồ chí minh | 259 hùng vương q 7 tp hồ chí minh | hùng vương quận 7","Tên hành chính hiện tại; có thể nhập TP HCM, HCM, Sài Gòn"
ADDR035,"56 Nguyễn Huệ, Tân Bình, TP Hồ Chí Minh",56,Nguyễn Huệ,,Tân Bình,TP Hồ Chí Minh,10.791659,106.66751,"56 nguyễn huệ, tân bình, tp hồ chí minh | 56 nguyễn huệ tân bình tp hồ chí minh | nguyễn huệ tân bình","Tên hành chính hiện tại; có thể nhập TP HCM, HCM, Sài Gòn"
ADDR036,"38 Pasteur, Sơn Trà, Đà Nẵng",38,Pasteur,,Sơn Trà,Đà Nẵng,16.112189,108.235002,"38 pasteur, sơn trà, đà nẵng | 38 pasteur sơn trà đà nẵng | pasteur sơn trà","Có thể nhập ĐN, Da Nang"
ADDR037,"90 Nguyễn Trãi, Cầu Giấy, Hà Nội",90,Nguyễn Trãi,,Cầu Giấy,Hà Nội,21.046545,105.796329,"90 nguyễn trãi, cầu giấy, hà nội | 90 nguyễn trãi cầu giấy hà nội | nguyễn trãi cầu giấy","Có thể nhập HN, Ha Noi"
ADDR038,"180 Xuân Thủy, Bình Thạnh, TP Hồ Chí Minh",180,Xuân Thủy,,Bình Thạnh,TP Hồ Chí Minh,10.793712,106.696143,"180 xuân thủy, bình thạnh, tp hồ chí minh | 180 xuân thủy bình thạnh tp hồ chí minh | xuân thủy bình thạnh","Tên hành chính hiện tại; có thể nhập TP HCM, HCM, Sài Gòn"
ADDR039,"42 Nguyễn Huệ, Hải Châu, Đà Nẵng",42,Nguyễn Huệ,,Hải Châu,Đà Nẵng,16.053233,108.20737,"42 nguyễn huệ, hải châu, đà nẵng | 42 nguyễn huệ hải châu đà nẵng | nguyễn huệ hải châu","Có thể nhập ĐN, Da Nang"
ADDR040,"172 Lê Duẩn, Tân Bình, TP Hồ Chí Minh",172,Lê Duẩn,,Tân Bình,TP Hồ Chí Minh,10.808795,106.649258,"172 lê duẩn, tân bình, tp hồ chí minh | 172 lê duẩn tân bình tp hồ chí minh | lê duẩn tân bình","Tên hành chính hiện tại; có thể nhập TP HCM, HCM, Sài Gòn"
ADDR041,"206 Lý Thường Kiệt, Tân Bình, TP Hồ Chí Minh",206,Lý Thường Kiệt,,Tân Bình,TP Hồ Chí Minh,10.814957,106.663429,"206 lý thường kiệt, tân bình, tp hồ chí minh | 206 lý thường kiệt tân bình tp hồ chí minh | lý thường kiệt tân bình","Tên hành chính hiện tại; có thể nhập TP HCM, HCM, Sài Gòn"
ADDR042,"21 Điện Biên Phủ, Hoàn Kiếm, Hà Nội",21,Điện Biên Phủ,,Hoàn Kiếm,Hà Nội,21.046794,105.871692,"21 điện biên phủ, hoàn kiếm, hà nội | 21 điện biên phủ hoàn kiếm hà nội | điện biên phủ hoàn kiếm","Có thể nhập HN, Ha Noi"
ADDR043,"241 Láng Hạ, Sơn Trà, Đà Nẵng",241,Láng Hạ,,Sơn Trà,Đà Nẵng,16.104982,108.237234,"241 láng hạ, sơn trà, đà nẵng | 241 láng hạ sơn trà đà nẵng | láng hạ sơn trà","Có thể nhập ĐN, Da Nang"
ADDR044,"138 Trần Hưng Đạo, Đống Đa, Hà Nội",138,Trần Hưng Đạo,,Đống Đa,Hà Nội,21.021582,105.829528,"138 trần hưng đạo, đống đa, hà nội | 138 trần hưng đạo đống đa hà nội | trần hưng đạo đống đa","Có thể nhập HN, Ha Noi"
ADDR045,"161 Xuân Thủy, Quận 1, TP Hồ Chí Minh",161,Xuân Thủy,,Quận 1,TP Hồ Chí Minh,10.79336,106.694835,"161 xuân thủy, q 1, tp hồ chí minh | 161 xuân thủy q 1 tp hồ chí minh | xuân thủy quận 1","Tên hành chính hiện tại; có thể nhập TP HCM, HCM, Sài Gòn"
ADDR046,"109 Lý Thường Kiệt, Ngũ Hành Sơn, Đà Nẵng",109,Lý Thường Kiệt,,Ngũ Hành Sơn,Đà Nẵng,16.019171,108.283796,"109 lý thường kiệt, ngũ hành sơn, đà nẵng | 109 lý thường kiệt ngũ hành sơn đà nẵng | lý thường kiệt ngũ hành sơn","Có thể nhập ĐN, Da Nang"
ADDR047,"181 Nguyễn Chí Thanh, Quận 1, TP Hồ Chí Minh",181,Nguyễn Chí Thanh,,Quận 1,TP Hồ Chí Minh,10.782826,106.710212,"181 nguyễn chí thanh, q 1, tp hồ chí minh | 181 nguyễn chí thanh q 1 tp hồ chí minh | nguyễn chí thanh quận 1","Tên hành chính hiện tại; có thể nhập TP HCM, HCM, Sài Gòn"
ADDR048,"33 Lê Duẩn, Bình Thạnh, TP Hồ Chí Minh",33,Lê Duẩn,,Bình Thạnh,TP Hồ Chí Minh,10.829525,106.692849,"33 lê duẩn, bình thạnh, tp hồ chí minh | 33 lê duẩn bình thạnh tp hồ chí minh | lê duẩn bình thạnh","Tên hành chính hiện tại; có thể nhập TP HCM, HCM, Sài Gòn"
ADDR049,"284 Lê Duẩn, Bình Thạnh, TP Hồ Chí Minh",284,Lê Duẩn,,Bình Thạnh,TP Hồ Chí Minh,10.797088,106.704673,"284 lê duẩn, bình thạnh, tp hồ chí minh | 284 lê duẩn bình thạnh tp hồ chí minh | lê duẩn bình thạnh","Tên hành chính hiện tại; có thể nhập TP HCM, HCM, Sài Gòn"
ADDR050,"64 Nguyễn Trãi, Quận 7, TP Hồ Chí Minh",64,Nguyễn Trãi,,Quận 7,TP Hồ Chí Minh,10.732633,106.705908,"64 nguyễn trãi, q 7, tp hồ chí minh | 64 nguyễn trãi q 7 tp hồ chí minh | nguyễn trãi quận 7","Tên hành chính hiện tại; có thể nhập TP HCM, HCM, Sài Gòn"
ADDR051,"12 Bạch Đằng, Sơn Trà, Đà Nẵng",12,Bạch Đằng,,Sơn Trà,Đà Nẵng,16.092035,108.24844,"12 bạch đằng, sơn trà, đà nẵng | 12 bạch đằng sơn trà đà nẵng | bạch đằng sơn trà","Có thể nhập ĐN, Da Nang"
ADDR052,"93 Pasteur, Cầu Giấy, Hà Nội",93,Pasteur,,Cầu Giấy,Hà Nội,21.041143,105.774164,"93 pasteur, cầu giấy, hà nội | 93 pasteur cầu giấy hà nội | pasteur cầu giấy","Có thể nhập HN, Ha Noi"
ADDR053,"1 Hùng Vương, Quận 1, TP Hồ Chí Minh",1,Hùng Vương,,Quận 1,TP Hồ Chí Minh,10.762154,106.698466,"1 hùng vương, q 1, tp hồ chí minh | 1 hùng vương q 1 tp hồ chí minh | hùng vương quận 1","Tên hành chính hiện tại; có thể nhập TP HCM, HCM, Sài Gòn"
ADDR054,"201 Lý Thường Kiệt, Đống Đa, Hà Nội",201,Lý Thường Kiệt,,Đống Đa,Hà Nội,21.017716,105.840212,"201 lý thường kiệt, đống đa, hà nội | 201 lý thường kiệt đống đa hà nội | lý thường kiệt đống đa","Có thể nhập HN, Ha Noi"
ADDR055,"127 Pasteur, Quận 7, TP Hồ Chí Minh",127,Pasteur,,Quận 7,TP Hồ Chí Minh,10.729884,106.705137,"127 pasteur, q 7, tp hồ chí minh | 127 pasteur q 7 tp hồ chí minh | pasteur quận 7","Tên hành chính hiện tại; có thể nhập TP HCM, HCM, Sài Gòn"
ADDR056,"181 Trần Hưng Đạo, Cầu Giấy, Hà Nội",181,Trần Hưng Đạo,,Cầu Giấy,Hà Nội,21.045544,105.803944,"181 trần hưng đạo, cầu giấy, hà nội | 181 trần hưng đạo cầu giấy hà nội | trần hưng đạo cầu giấy","Có thể nhập HN, Ha Noi"
ADDR057,"117 Lý Thường Kiệt, Bình Thạnh, TP Hồ Chí Minh",117,Lý Thường Kiệt,,Bình Thạnh,TP Hồ Chí Minh,10.815703,106.69244,"117 lý thường kiệt, bình thạnh, tp hồ chí minh | 117 lý thường kiệt bình thạnh tp hồ chí minh | lý thường kiệt bình thạnh","Tên hành chính hiện tại; có thể nhập TP HCM, HCM, Sài Gòn"
ADDR058,"244 Nguyễn Trãi, Quận 7, TP Hồ Chí Minh",244,Nguyễn Trãi,,Quận 7,TP Hồ Chí Minh,10.735768,106.740872,"244 nguyễn trãi, q 7, tp hồ chí minh | 244 nguyễn trãi q 7 tp hồ chí minh | nguyễn trãi quận 7","Tên hành chính hiện tại; có thể nhập TP HCM, HCM, Sài Gòn"
ADDR059,"104 Lê Lợi, Cầu Giấy, Hà Nội",104,Lê Lợi,,Cầu Giấy,Hà Nội,21.029811,105.785296,"104 lê lợi, cầu giấy, hà nội | 104 lê lợi cầu giấy hà nội | lê lợi cầu giấy","Có thể nhập HN, Ha Noi"
ADDR060,"195 Nguyễn Chí Thanh, Tân Bình, TP Hồ Chí Minh",195,Nguyễn Chí Thanh,,Tân Bình,TP Hồ Chí Minh,10.818914,106.657121,"195 nguyễn chí thanh, tân bình, tp hồ chí minh | 195 nguyễn chí thanh tân bình tp hồ chí minh | nguyễn chí thanh tân bình","Tên hành chính hiện tại; có thể nhập TP HCM, HCM, Sài Gòn"
ADDR061,"36 Nam Kỳ Khởi Nghĩa, Hải Châu, Đà Nẵng",36,Nam Kỳ Khởi Nghĩa,,Hải Châu,Đà Nẵng,16.053673,108.202439,"36 nam kỳ khởi nghĩa, hải châu, đà nẵng | 36 nam kỳ khởi nghĩa hải châu đà nẵng | nam kỳ khởi nghĩa hải châu","Có thể nhập ĐN, Da Nang"
ADDR062,"38 Kim Mã, Đống Đa, Hà Nội",38,Kim Mã,,Đống Đa,Hà Nội,21.008129,105.817173,"38 kim mã, đống đa, hà nội | 38 kim mã đống đa hà nội | kim mã đống đa","Có thể nhập HN, Ha Noi"
ADDR063,"228 Láng Hạ, Quận 7, TP Hồ Chí Minh",228,Láng Hạ,,Quận 7,TP Hồ Chí Minh,10.739547,106.734327,"228 láng hạ, q 7, tp hồ chí minh | 228 láng hạ q 7 tp hồ chí minh | láng hạ quận 7","Tên hành chính hiện tại; có thể nhập TP HCM, HCM, Sài Gòn"
ADDR064,"190 Bạch Đằng, Hải Châu, Đà Nẵng",190,Bạch Đằng,,Hải Châu,Đà Nẵng,16.084851,108.239169,"190 bạch đằng, hải châu, đà nẵng | 190 bạch đằng hải châu đà nẵng | bạch đằng hải châu","Có thể nhập ĐN, Da Nang"
ADDR065,"139 Võ Nguyên Giáp, Tân Bình, TP Hồ Chí Minh",139,Võ Nguyên Giáp,,Tân Bình,TP Hồ Chí Minh,10.786373,106.670998,"139 võ nguyên giáp, tân bình, tp hồ chí minh | 139 võ nguyên giáp tân bình tp hồ chí minh | võ nguyên giáp tân bình","Tên hành chính hiện tại; có thể nhập TP HCM, HCM, Sài Gòn"
ADDR066,"49 Hùng Vương, Ba Đình, Hà Nội",49,Hùng Vương,,Ba Đình,Hà Nội,21.02219,105.839297,"49 hùng vương, ba đình, hà nội | 49 hùng vương ba đình hà nội | hùng vương ba đình","Có thể nhập HN, Ha Noi"
ADDR067,"71 Nam Kỳ Khởi Nghĩa, Quận 7, TP Hồ Chí Minh",71,Nam Kỳ Khởi Nghĩa,,Quận 7,TP Hồ Chí Minh,10.733506,106.715267,"71 nam kỳ khởi nghĩa, q 7, tp hồ chí minh | 71 nam kỳ khởi nghĩa q 7 tp hồ chí minh | nam kỳ khởi nghĩa quận 7","Tên hành chính hiện tại; có thể nhập TP HCM, HCM, Sài Gòn"
ADDR068,"62 Pasteur, Bình Thạnh, TP Hồ Chí Minh",62,Pasteur,,Bình Thạnh,TP Hồ Chí Minh,10.802773,106.689763,"62 pasteur, bình thạnh, tp hồ chí minh | 62 pasteur bình thạnh tp hồ chí minh | pasteur bình thạnh","Tên hành chính hiện tại; có thể nhập TP HCM, HCM, Sài Gòn"
ADDR069,"267 Trường Sơn, Sơn Trà, Đà Nẵng",267,Trường Sơn,,Sơn Trà,Đà Nẵng,16.116026,108.239938,"267 trường sơn, sơn trà, đà nẵng | 267 trường sơn sơn trà đà nẵng | trường sơn sơn trà","Có thể nhập ĐN, Da Nang"
ADDR070,"194 Trường Sơn, Cầu Giấy, Hà Nội",194,Trường Sơn,,Cầu Giấy,Hà Nội,21.052803,105.794918,"194 trường sơn, cầu giấy, hà nội | 194 trường sơn cầu giấy hà nội | trường sơn cầu giấy","Có thể nhập HN, Ha Noi"
ADDR071,"95 Cách Mạng Tháng Tám, Ba Đình, Hà Nội",95,Cách Mạng Tháng Tám,,Ba Đình,Hà Nội,21.040145,105.822909,"95 cách mạng tháng tám, ba đình, hà nội | 95 cách mạng tháng tám ba đình hà nội | cách mạng tháng tám ba đình","Có thể nhập HN, Ha Noi"
ADDR072,"251 Trường Sơn, Tân Bình, TP Hồ Chí Minh",251,Trường Sơn,,Tân Bình,TP Hồ Chí Minh,10.818505,106.6421,"251 trường sơn, tân bình, tp hồ chí minh | 251 trường sơn tân bình tp hồ chí minh | trường sơn tân bình","Tên hành chính hiện tại; có thể nhập TP HCM, HCM, Sài Gòn"
ADDR073,"170 Lý Thường Kiệt, Hoàn Kiếm, Hà Nội",170,Lý Thường Kiệt,,Hoàn Kiếm,Hà Nội,21.042933,105.837482,"170 lý thường kiệt, hoàn kiếm, hà nội | 170 lý thường kiệt hoàn kiếm hà nội | lý thường kiệt hoàn kiếm","Có thể nhập HN, Ha Noi"
ADDR074,"223 Phạm Văn Đồng, Cầu Giấy, Hà Nội",223,Phạm Văn Đồng,,Cầu Giấy,Hà Nội,21.027584,105.777482,"223 phạm văn đồng, cầu giấy, hà nội | 223 phạm văn đồng cầu giấy hà nội | phạm văn đồng cầu giấy","Có thể nhập HN, Ha Noi"
ADDR075,"157 Trần Hưng Đạo, Cầu Giấy, Hà Nội",157,Trần Hưng Đạo,,Cầu Giấy,Hà Nội,21.033764,105.777194,"157 trần hưng đạo, cầu giấy, hà nội | 157 trần hưng đạo cầu giấy hà nội | trần hưng đạo cầu giấy","Có thể nhập HN, Ha Noi"
ADDR076,"149 Bạch Đằng, Ngũ Hành Sơn, Đà Nẵng",149,Bạch Đằng,,Ngũ Hành Sơn,Đà Nẵng,16.011113,108.250047,"149 bạch đằng, ngũ hành sơn, đà nẵng | 149 bạch đằng ngũ hành sơn đà nẵng | bạch đằng ngũ hành sơn","Có thể nhập ĐN, Da Nang"
ADDR077,"203 Nguyễn Huệ, Ngũ Hành Sơn, Đà Nẵng",203,Nguyễn Huệ,,Ngũ Hành Sơn,Đà Nẵng,16.010497,108.249065,"203 nguyễn huệ, ngũ hành sơn, đà nẵng | 203 nguyễn huệ ngũ hành sơn đà nẵng | nguyễn huệ ngũ hành sơn","Có thể nhập ĐN, Da Nang"
ADDR078,"140 Trần Hưng Đạo, Cầu Giấy, Hà Nội",140,Trần Hưng Đạo,,Cầu Giấy,Hà Nội,21.036759,105.783781,"140 trần hưng đạo, cầu giấy, hà nội | 140 trần hưng đạo cầu giấy hà nội | trần hưng đạo cầu giấy","Có thể nhập HN, Ha Noi"
ADDR079,"112 Lê Lợi, Tân Bình, TP Hồ Chí Minh",112,Lê Lợi,,Tân Bình,TP Hồ Chí Minh,10.817029,106.664997,"112 lê lợi, tân bình, tp hồ chí minh | 112 lê lợi tân bình tp hồ chí minh | lê lợi tân bình","Tên hành chính hiện tại; có thể nhập TP HCM, HCM, Sài Gòn"
ADDR080,"88 Hai Bà Trưng, Quận 7, TP Hồ Chí Minh",88,Hai Bà Trưng,,Quận 7,TP Hồ Chí Minh,10.733773,106.705788,"88 hai bà trưng, q 7, tp hồ chí minh | 88 hai bà trưng q 7 tp hồ chí minh | hai bà trưng quận 7","Tên hành chính hiện tại; có thể nhập TP HCM, HCM, Sài Gòn"
ADDR081,"69 Lê Duẩn, Quận 7, TP Hồ Chí Minh",69,Lê Duẩn,,Quận 7,TP Hồ Chí Minh,10.726166,106.701508,"69 lê duẩn, q 7, tp hồ chí minh | 69 lê duẩn q 7 tp hồ chí minh | lê duẩn quận 7","Tên hành chính hiện tại; có thể nhập TP HCM, HCM, Sài Gòn"
ADDR082,"180 Phạm Văn Đồng, Quận 3, TP Hồ Chí Minh",180,Phạm Văn Đồng,,Quận 3,TP Hồ Chí Minh,10.784053,106.670623,"180 phạm văn đồng, q 3, tp hồ chí minh | 180 phạm văn đồng q 3 tp hồ chí minh | phạm văn đồng quận 3","Tên hành chính hiện tại; có thể nhập TP HCM, HCM, Sài Gòn"
ADDR083,"128 Điện Biên Phủ, Hoàn Kiếm, Hà Nội",128,Điện Biên Phủ,,Hoàn Kiếm,Hà Nội,21.016296,105.873961,"128 điện biên phủ, hoàn kiếm, hà nội | 128 điện biên phủ hoàn kiếm hà nội | điện biên phủ hoàn kiếm","Có thể nhập HN, Ha Noi"
ADDR084,"198 Hai Bà Trưng, Ngũ Hành Sơn, Đà Nẵng",198,Hai Bà Trưng,,Ngũ Hành Sơn,Đà Nẵng,15.99054,108.258869,"198 hai bà trưng, ngũ hành sơn, đà nẵng | 198 hai bà trưng ngũ hành sơn đà nẵng | hai bà trưng ngũ hành sơn","Có thể nhập ĐN, Da Nang"
ADDR085,"192 Bạch Đằng, Ngũ Hành Sơn, Đà Nẵng",192,Bạch Đằng,,Ngũ Hành Sơn,Đà Nẵng,16.023115,108.264446,"192 bạch đằng, ngũ hành sơn, đà nẵng | 192 bạch đằng ngũ hành sơn đà nẵng | bạch đằng ngũ hành sơn","Có thể nhập ĐN, Da Nang"
ADDR086,"88 Hai Bà Trưng, Tân Bình, TP Hồ Chí Minh",88,Hai Bà Trưng,,Tân Bình,TP Hồ Chí Minh,10.820533,106.665542,"88 hai bà trưng, tân bình, tp hồ chí minh | 88 hai bà trưng tân bình tp hồ chí minh | hai bà trưng tân bình","Tên hành chính hiện tại; có thể nhập TP HCM, HCM, Sài Gòn"
ADDR087,"276 Cách Mạng Tháng Tám, Ngũ Hành Sơn, Đà Nẵng",276,Cách Mạng Tháng Tám,,Ngũ Hành Sơn,Đà Nẵng,16.014421,108.274129,"276 cách mạng tháng tám, ngũ hành sơn, đà nẵng | 276 cách mạng tháng tám ngũ hành sơn đà nẵng | cách mạng tháng tám ngũ hành sơn","Có thể nhập ĐN, Da Nang"
ADDR088,"2 Bạch Đằng, Quận 1, TP Hồ Chí Minh",2,Bạch Đằng,,Quận 1,TP Hồ Chí Minh,10.766105,106.690467,"2 bạch đằng, q 1, tp hồ chí minh | 2 bạch đằng q 1 tp hồ chí minh | bạch đằng quận 1","Tên hành chính hiện tại; có thể nhập TP HCM, HCM, Sài Gòn"
ADDR089,"220 Nguyễn Huệ, Ba Đình, Hà Nội",220,Nguyễn Huệ,,Ba Đình,Hà Nội,21.043085,105.828565,"220 nguyễn huệ, ba đình, hà nội | 220 nguyễn huệ ba đình hà nội | nguyễn huệ ba đình","Có thể nhập HN, Ha Noi"
ADDR090,"103 Kim Mã, Bình Thạnh, TP Hồ Chí Minh",103,Kim Mã,,Bình Thạnh,TP Hồ Chí Minh,10.820183,106.723626,"103 kim mã, bình thạnh, tp hồ chí minh | 103 kim mã bình thạnh tp hồ chí minh | kim mã bình thạnh","Tên hành chính hiện tại; có thể nhập TP HCM, HCM, Sài Gòn"
ADDR091,"24 Phạm Văn Đồng, Hải Châu, Đà Nẵng",24,Phạm Văn Đồng,,Hải Châu,Đà Nẵng,16.070587,108.237434,"24 phạm văn đồng, hải châu, đà nẵng | 24 phạm văn đồng hải châu đà nẵng | phạm văn đồng hải châu","Có thể nhập ĐN, Da Nang"
ADDR092,"175 Võ Nguyên Giáp, Hoàn Kiếm, Hà Nội",175,Võ Nguyên Giáp,,Hoàn Kiếm,Hà Nội,21.035966,105.841554,"175 võ nguyên giáp, hoàn kiếm, hà nội | 175 võ nguyên giáp hoàn kiếm hà nội | võ nguyên giáp hoàn kiếm","Có thể nhập HN, Ha Noi"
ADDR093,"263 Bạch Đằng, Sơn Trà, Đà Nẵng",263,Bạch Đằng,,Sơn Trà,Đà Nẵng,16.114716,108.238047,"263 bạch đằng, sơn trà, đà nẵng | 263 bạch đằng sơn trà đà nẵng | bạch đằng sơn trà","Có thể nhập ĐN, Da Nang"
ADDR094,"128 Hùng Vương, Cầu Giấy, Hà Nội",128,Hùng Vương,,Cầu Giấy,Hà Nội,21.038773,105.801327,"128 hùng vương, cầu giấy, hà nội | 128 hùng vương cầu giấy hà nội | hùng vương cầu giấy","Có thể nhập HN, Ha Noi"
ADDR095,"147 Nguyễn Chí Thanh, Tân Bình, TP Hồ Chí Minh",147,Nguyễn Chí Thanh,,Tân Bình,TP Hồ Chí Minh,10.820366,106.640799,"147 nguyễn chí thanh, tân bình, tp hồ chí minh | 147 nguyễn chí thanh tân bình tp hồ chí minh | nguyễn chí thanh tân bình","Tên hành chính hiện tại; có thể nhập TP HCM, HCM, Sài Gòn"
ADDR096,"289 Điện Biên Phủ, Hải Châu, Đà Nẵng",289,Điện Biên Phủ,,Hải Châu,Đà Nẵng,16.081976,108.238225,"289 điện biên phủ, hải châu, đà nẵng | 289 điện biên phủ hải châu đà nẵng | điện biên phủ hải châu","Có thể nhập ĐN, Da Nang"
ADDR097,"191 Hai Bà Trưng, Quận 3, TP Hồ Chí Minh",191,Hai Bà Trưng,,Quận 3,TP Hồ Chí Minh,10.785723,106.689133,"191 hai bà trưng, q 3, tp hồ chí minh | 191 hai bà trưng q 3 tp hồ chí minh | hai bà trưng quận 3","Tên hành chính hiện tại; có thể nhập TP HCM, HCM, Sài Gòn"
ADDR098,"78 Cách Mạng Tháng Tám, Hải Châu, Đà Nẵng",78,Cách Mạng Tháng Tám,,Hải Châu,Đà Nẵng,16.051928,108.204275,"78 cách mạng tháng tám, hải châu, đà nẵng | 78 cách mạng tháng tám hải châu đà nẵng | cách mạng tháng tám hải châu","Có thể nhập ĐN, Da Nang"
ADDR099,"159 Lê Lợi, Sơn Trà, Đà Nẵng",159,Lê Lợi,,Sơn Trà,Đà Nẵng,16.125229,108.239023,"159 lê lợi, sơn trà, đà nẵng | 159 lê lợi sơn trà đà nẵng | lê lợi sơn trà","Có thể nhập ĐN, Da Nang"
ADDR100,"134 Nguyễn Chí Thanh, Hải Châu, Đà Nẵng",134,Nguyễn Chí Thanh,,Hải Châu,Đà Nẵng,16.050012,108.210973,"134 nguyễn chí thanh, hải châu, đà nẵng | 134 nguyễn chí thanh hải châu đà nẵng | nguyễn chí thanh hải châu","Có thể nhập ĐN, Da Nang"
ADDR101,"224 Hai Bà Trưng, Sơn Trà, Đà Nẵng",224,Hai Bà Trưng,,Sơn Trà,Đà Nẵng,16.094621,108.265011,"224 hai bà trưng, sơn trà, đà nẵng | 224 hai bà trưng sơn trà đà nẵng | hai bà trưng sơn trà","Có thể nhập ĐN, Da Nang"
ADDR102,"234 Láng Hạ, Ba Đình, Hà Nội",234,Láng Hạ,,Ba Đình,Hà Nội,21.02676,105.84274,"234 láng hạ, ba đình, hà nội | 234 láng hạ ba đình hà nội | láng hạ ba đình","Có thể nhập HN, Ha Noi"
ADDR103,"237 Hùng Vương, Bình Thạnh, TP Hồ Chí Minh",237,Hùng Vương,,Bình Thạnh,TP Hồ Chí Minh,10.791734,106.704015,"237 hùng vương, bình thạnh, tp hồ chí minh | 237 hùng vương bình thạnh tp hồ chí minh | hùng vương bình thạnh","Tên hành chính hiện tại; có thể nhập TP HCM, HCM, Sài Gòn"
ADDR104,"190 Điện Biên Phủ, Quận 1, TP Hồ Chí Minh",190,Điện Biên Phủ,,Quận 1,TP Hồ Chí Minh,10.790407,106.701953,"190 điện biên phủ, q 1, tp hồ chí minh | 190 điện biên phủ q 1 tp hồ chí minh | điện biên phủ quận 1","Tên hành chính hiện tại; có thể nhập TP HCM, HCM, Sài Gòn"
ADDR105,"72 Nguyễn Huệ, Ba Đình, Hà Nội",72,Nguyễn Huệ,,Ba Đình,Hà Nội,21.04279,105.842699,"72 nguyễn huệ, ba đình, hà nội | 72 nguyễn huệ ba đình hà nội | nguyễn huệ ba đình","Có thể nhập HN, Ha Noi"
ADDR106,"219 Xuân Thủy, Hoàn Kiếm, Hà Nội",219,Xuân Thủy,,Hoàn Kiếm,Hà Nội,21.042535,105.848448,"219 xuân thủy, hoàn kiếm, hà nội | 219 xuân thủy hoàn kiếm hà nội | xuân thủy hoàn kiếm","Có thể nhập HN, Ha Noi"
ADDR107,"68 Láng Hạ, Sơn Trà, Đà Nẵng",68,Láng Hạ,,Sơn Trà,Đà Nẵng,16.10588,108.234446,"68 láng hạ, sơn trà, đà nẵng | 68 láng hạ sơn trà đà nẵng | láng hạ sơn trà","Có thể nhập ĐN, Da Nang"
ADDR108,"274 Nguyễn Huệ, Quận 3, TP Hồ Chí Minh",274,Nguyễn Huệ,,Quận 3,TP Hồ Chí Minh,10.788029,106.682018,"274 nguyễn huệ, q 3, tp hồ chí minh | 274 nguyễn huệ q 3 tp hồ chí minh | nguyễn huệ quận 3","Tên hành chính hiện tại; có thể nhập TP HCM, HCM, Sài Gòn"
ADDR109,"168 Xuân Thủy, Cầu Giấy, Hà Nội",168,Xuân Thủy,,Cầu Giấy,Hà Nội,21.04185,105.771913,"168 xuân thủy, cầu giấy, hà nội | 168 xuân thủy cầu giấy hà nội | xuân thủy cầu giấy","Có thể nhập HN, Ha Noi"
ADDR110,"19 Điện Biên Phủ, Đống Đa, Hà Nội",19,Điện Biên Phủ,,Đống Đa,Hà Nội,21.019979,105.809996,"19 điện biên phủ, đống đa, hà nội | 19 điện biên phủ đống đa hà nội | điện biên phủ đống đa","Có thể nhập HN, Ha Noi"
ADDR111,"146 Bạch Đằng, Sơn Trà, Đà Nẵng",146,Bạch Đằng,,Sơn Trà,Đà Nẵng,16.115789,108.236875,"146 bạch đằng, sơn trà, đà nẵng | 146 bạch đằng sơn trà đà nẵng | bạch đằng sơn trà","Có thể nhập ĐN, Da Nang"
ADDR112,"65 Lê Duẩn, Cầu Giấy, Hà Nội",65,Lê Duẩn,,Cầu Giấy,Hà Nội,21.040497,105.803335,"65 lê duẩn, cầu giấy, hà nội | 65 lê duẩn cầu giấy hà nội | lê duẩn cầu giấy","Có thể nhập HN, Ha Noi"
ADDR113,"240 Hùng Vương, Ba Đình, Hà Nội",240,Hùng Vương,,Ba Đình,Hà Nội,21.016979,105.840395,"240 hùng vương, ba đình, hà nội | 240 hùng vương ba đình hà nội | hùng vương ba đình","Có thể nhập HN, Ha Noi"
ADDR114,"283 Pasteur, Cầu Giấy, Hà Nội",283,Pasteur,,Cầu Giấy,Hà Nội,21.017478,105.781706,"283 pasteur, cầu giấy, hà nội | 283 pasteur cầu giấy hà nội | pasteur cầu giấy","Có thể nhập HN, Ha Noi"
ADDR115,"55 Pasteur, Hoàn Kiếm, Hà Nội",55,Pasteur,,Hoàn Kiếm,Hà Nội,21.027215,105.86489,"55 pasteur, hoàn kiếm, hà nội | 55 pasteur hoàn kiếm hà nội | pasteur hoàn kiếm","Có thể nhập HN, Ha Noi"
ADDR116,"210 Cách Mạng Tháng Tám, Hải Châu, Đà Nẵng",210,Cách Mạng Tháng Tám,,Hải Châu,Đà Nẵng,16.049512,108.216335,"210 cách mạng tháng tám, hải châu, đà nẵng | 210 cách mạng tháng tám hải châu đà nẵng | cách mạng tháng tám hải châu","Có thể nhập ĐN, Da Nang"
ADDR117,"274 Nam Kỳ Khởi Nghĩa, Ngũ Hành Sơn, Đà Nẵng",274,Nam Kỳ Khởi Nghĩa,,Ngũ Hành Sơn,Đà Nẵng,15.988778,108.278468,"274 nam kỳ khởi nghĩa, ngũ hành sơn, đà nẵng | 274 nam kỳ khởi nghĩa ngũ hành sơn đà nẵng | nam kỳ khởi nghĩa ngũ hành sơn","Có thể nhập ĐN, Da Nang"
ADDR118,"102 Kim Mã, Cầu Giấy, Hà Nội",102,Kim Mã,,Cầu Giấy,Hà Nội,21.0187,105.778398,"102 kim mã, cầu giấy, hà nội | 102 kim mã cầu giấy hà nội | kim mã cầu giấy","Có thể nhập HN, Ha Noi"
ADDR119,"134 Lê Lợi, Ba Đình, Hà Nội",134,Lê Lợi,,Ba Đình,Hà Nội,21.040481,105.817447,"134 lê lợi, ba đình, hà nội | 134 lê lợi ba đình hà nội | lê lợi ba đình","Có thể nhập HN, Ha Noi"
ADDR120,"162 Trần Hưng Đạo, Cầu Giấy, Hà Nội",162,Trần Hưng Đạo,,Cầu Giấy,Hà Nội,21.041695,105.770879,"162 trần hưng đạo, cầu giấy, hà nội | 162 trần hưng đạo cầu giấy hà nội | trần hưng đạo cầu giấy","Có thể nhập HN, Ha Noi"
ADDR121,"239 Lý Thường Kiệt, Đống Đa, Hà Nội",239,Lý Thường Kiệt,,Đống Đa,Hà Nội,21.02653,105.822492,"239 lý thường kiệt, đống đa, hà nội | 239 lý thường kiệt đống đa hà nội | lý thường kiệt đống đa","Có thể nhập HN, Ha Noi"
ADDR122,"54 Điện Biên Phủ, Quận 1, TP Hồ Chí Minh",54,Điện Biên Phủ,,Quận 1,TP Hồ Chí Minh,10.765052,106.685442,"54 điện biên phủ, q 1, tp hồ chí minh | 54 điện biên phủ q 1 tp hồ chí minh | điện biên phủ quận 1","Tên hành chính hiện tại; có thể nhập TP HCM, HCM, Sài Gòn"
ADDR123,"34 Lê Lợi, Hải Châu, Đà Nẵng",34,Lê Lợi,,Hải Châu,Đà Nẵng,16.080465,108.207692,"34 lê lợi, hải châu, đà nẵng | 34 lê lợi hải châu đà nẵng | lê lợi hải châu","Có thể nhập ĐN, Da Nang"
ADDR124,"258 Nguyễn Chí Thanh, Hoàn Kiếm, Hà Nội",258,Nguyễn Chí Thanh,,Hoàn Kiếm,Hà Nội,21.045847,105.871656,"258 nguyễn chí thanh, hoàn kiếm, hà nội | 258 nguyễn chí thanh hoàn kiếm hà nội | nguyễn chí thanh hoàn kiếm","Có thể nhập HN, Ha Noi"
ADDR125,"187 Bạch Đằng, Hải Châu, Đà Nẵng",187,Bạch Đằng,,Hải Châu,Đà Nẵng,16.084703,108.207776,"187 bạch đằng, hải châu, đà nẵng | 187 bạch đằng hải châu đà nẵng | bạch đằng hải châu","Có thể nhập ĐN, Da Nang"
ADDR126,"63 Võ Nguyên Giáp, Cầu Giấy, Hà Nội",63,Võ Nguyên Giáp,,Cầu Giấy,Hà Nội,21.024065,105.771528,"63 võ nguyên giáp, cầu giấy, hà nội | 63 võ nguyên giáp cầu giấy hà nội | võ nguyên giáp cầu giấy","Có thể nhập HN, Ha Noi"
ADDR127,"197 Xuân Thủy, Quận 1, TP Hồ Chí Minh",197,Xuân Thủy,,Quận 1,TP Hồ Chí Minh,10.793971,106.689351,"197 xuân thủy, q 1, tp hồ chí minh | 197 xuân thủy q 1 tp hồ chí minh | xuân thủy quận 1","Tên hành chính hiện tại; có thể nhập TP HCM, HCM, Sài Gòn"
ADDR128,"243 Kim Mã, Ngũ Hành Sơn, Đà Nẵng",243,Kim Mã,,Ngũ Hành Sơn,Đà Nẵng,16.01048,108.255053,"243 kim mã, ngũ hành sơn, đà nẵng | 243 kim mã ngũ hành sơn đà nẵng | kim mã ngũ hành sơn","Có thể nhập ĐN, Da Nang"
ADDR129,"34 Nguyễn Chí Thanh, Tân Bình, TP Hồ Chí Minh",34,Nguyễn Chí Thanh,,Tân Bình,TP Hồ Chí Minh,10.801869,106.669735,"34 nguyễn chí thanh, tân bình, tp hồ chí minh | 34 nguyễn chí thanh tân bình tp hồ chí minh | nguyễn chí thanh tân bình","Tên hành chính hiện tại; có thể nhập TP HCM, HCM, Sài Gòn"
ADDR130,"253 Xuân Thủy, Đống Đa, Hà Nội",253,Xuân Thủy,,Đống Đa,Hà Nội,21.032738,105.813838,"253 xuân thủy, đống đa, hà nội | 253 xuân thủy đống đa hà nội | xuân thủy đống đa","Có thể nhập HN, Ha Noi"
ADDR131,"39 Pasteur, Cầu Giấy, Hà Nội",39,Pasteur,,Cầu Giấy,Hà Nội,21.017463,105.80985,"39 pasteur, cầu giấy, hà nội | 39 pasteur cầu giấy hà nội | pasteur cầu giấy","Có thể nhập HN, Ha Noi"
ADDR132,"30 Điện Biên Phủ, Sơn Trà, Đà Nẵng",30,Điện Biên Phủ,,Sơn Trà,Đà Nẵng,16.09127,108.257479,"30 điện biên phủ, sơn trà, đà nẵng | 30 điện biên phủ sơn trà đà nẵng | điện biên phủ sơn trà","Có thể nhập ĐN, Da Nang"
ADDR133,"291 Trường Sơn, Quận 7, TP Hồ Chí Minh",291,Trường Sơn,,Quận 7,TP Hồ Chí Minh,10.735054,106.733438,"291 trường sơn, q 7, tp hồ chí minh | 291 trường sơn q 7 tp hồ chí minh | trường sơn quận 7","Tên hành chính hiện tại; có thể nhập TP HCM, HCM, Sài Gòn"
ADDR134,"72 Trần Hưng Đạo, Tân Bình, TP Hồ Chí Minh",72,Trần Hưng Đạo,,Tân Bình,TP Hồ Chí Minh,10.810178,106.671299,"72 trần hưng đạo, tân bình, tp hồ chí minh | 72 trần hưng đạo tân bình tp hồ chí minh | trần hưng đạo tân bình","Tên hành chính hiện tại; có thể nhập TP HCM, HCM, Sài Gòn"
ADDR135,"269 Trường Sơn, Ngũ Hành Sơn, Đà Nẵng",269,Trường Sơn,,Ngũ Hành Sơn,Đà Nẵng,15.99575,108.265045,"269 trường sơn, ngũ hành sơn, đà nẵng | 269 trường sơn ngũ hành sơn đà nẵng | trường sơn ngũ hành sơn","Có thể nhập ĐN, Da Nang"
ADDR136,"36 Nguyễn Chí Thanh, Quận 1, TP Hồ Chí Minh",36,Nguyễn Chí Thanh,,Quận 1,TP Hồ Chí Minh,10.766726,106.696965,"36 nguyễn chí thanh, q 1, tp hồ chí minh | 36 nguyễn chí thanh q 1 tp hồ chí minh | nguyễn chí thanh quận 1","Tên hành chính hiện tại; có thể nhập TP HCM, HCM, Sài Gòn"
ADDR137,"65 Láng Hạ, Bình Thạnh, TP Hồ Chí Minh",65,Láng Hạ,,Bình Thạnh,TP Hồ Chí Minh,10.798191,106.711428,"65 láng hạ, bình thạnh, tp hồ chí minh | 65 láng hạ bình thạnh tp hồ chí minh | láng hạ bình thạnh","Tên hành chính hiện tại; có thể nhập TP HCM, HCM, Sài Gòn"
ADDR138,"298 Điện Biên Phủ, Sơn Trà, Đà Nẵng",298,Điện Biên Phủ,,Sơn Trà,Đà Nẵng,16.103117,108.233247,"298 điện biên phủ, sơn trà, đà nẵng | 298 điện biên phủ sơn trà đà nẵng | điện biên phủ sơn trà","Có thể nhập ĐN, Da Nang"
ADDR139,"47 Lý Thường Kiệt, Cầu Giấy, Hà Nội",47,Lý Thường Kiệt,,Cầu Giấy,Hà Nội,21.034726,105.788046,"47 lý thường kiệt, cầu giấy, hà nội | 47 lý thường kiệt cầu giấy hà nội | lý thường kiệt cầu giấy","Có thể nhập HN, Ha Noi"
ADDR140,"195 Cách Mạng Tháng Tám, Quận 7, TP Hồ Chí Minh",195,Cách Mạng Tháng Tám,,Quận 7,TP Hồ Chí Minh,10.753744,106.716605,"195 cách mạng tháng tám, q 7, tp hồ chí minh | 195 cách mạng tháng tám q 7 tp hồ chí minh | cách mạng tháng tám quận 7","Tên hành chính hiện tại; có thể nhập TP HCM, HCM, Sài Gòn"
ADDR141,"300 Hùng Vương, Hải Châu, Đà Nẵng",300,Hùng Vương,,Hải Châu,Đà Nẵng,16.074927,108.211811,"300 hùng vương, hải châu, đà nẵng | 300 hùng vương hải châu đà nẵng | hùng vương hải châu","Có thể nhập ĐN, Da Nang"
ADDR142,"270 Hùng Vương, Quận 3, TP Hồ Chí Minh",270,Hùng Vương,,Quận 3,TP Hồ Chí Minh,10.775912,106.702564,"270 hùng vương, q 3, tp hồ chí minh | 270 hùng vương q 3 tp hồ chí minh | hùng vương quận 3","Tên hành chính hiện tại; có thể nhập TP HCM, HCM, Sài Gòn"
ADDR143,"31 Võ Nguyên Giáp, Sơn Trà, Đà Nẵng",31,Võ Nguyên Giáp,,Sơn Trà,Đà Nẵng,16.119281,108.271038,"31 võ nguyên giáp, sơn trà, đà nẵng | 31 võ nguyên giáp sơn trà đà nẵng | võ nguyên giáp sơn trà","Có thể nhập ĐN, Da Nang"
ADDR144,"273 Trường Sơn, Cầu Giấy, Hà Nội",273,Trường Sơn,,Cầu Giấy,Hà Nội,21.048869,105.777943,"273 trường sơn, cầu giấy, hà nội | 273 trường sơn cầu giấy hà nội | trường sơn cầu giấy","Có thể nhập HN, Ha Noi"
ADDR145,"223 Pasteur, Bình Thạnh, TP Hồ Chí Minh",223,Pasteur,,Bình Thạnh,TP Hồ Chí Minh,10.817963,106.694771,"223 pasteur, bình thạnh, tp hồ chí minh | 223 pasteur bình thạnh tp hồ chí minh | pasteur bình thạnh","Tên hành chính hiện tại; có thể nhập TP HCM, HCM, Sài Gòn"
ADDR146,"116 Kim Mã, Sơn Trà, Đà Nẵng",116,Kim Mã,,Sơn Trà,Đà Nẵng,16.117102,108.252911,"116 kim mã, sơn trà, đà nẵng | 116 kim mã sơn trà đà nẵng | kim mã sơn trà","Có thể nhập ĐN, Da Nang"
ADDR147,"145 Xuân Thủy, Quận 3, TP Hồ Chí Minh",145,Xuân Thủy,,Quận 3,TP Hồ Chí Minh,10.765913,106.687376,"145 xuân thủy, q 3, tp hồ chí minh | 145 xuân thủy q 3 tp hồ chí minh | xuân thủy quận 3","Tên hành chính hiện tại; có thể nhập TP HCM, HCM, Sài Gòn"
ADDR148,"283 Láng Hạ, Hoàn Kiếm, Hà Nội",283,Láng Hạ,,Hoàn Kiếm,Hà Nội,21.044001,105.847197,"283 láng hạ, hoàn kiếm, hà nội | 283 láng hạ hoàn kiếm hà nội | láng hạ hoàn kiếm","Có thể nhập HN, Ha Noi"
ADDR149,"95 Hai Bà Trưng, Bình Thạnh, TP Hồ Chí Minh",95,Hai Bà Trưng,,Bình Thạnh,TP Hồ Chí Minh,10.807092,106.708301,"95 hai bà trưng, bình thạnh, tp hồ chí minh | 95 hai bà trưng bình thạnh tp hồ chí minh | hai bà trưng bình thạnh","Tên hành chính hiện tại; có thể nhập TP HCM, HCM, Sài Gòn"
ADDR150,"286 Nam Kỳ Khởi Nghĩa, Cầu Giấy, Hà Nội",286,Nam Kỳ Khởi Nghĩa,,Cầu Giấy,Hà Nội,21.053873,105.79804,"286 nam kỳ khởi nghĩa, cầu giấy, hà nội | 286 nam kỳ khởi nghĩa cầu giấy hà nội | nam kỳ khởi nghĩa cầu giấy","Có thể nhập HN, Ha Noi"